Workbook

Sheet Dashboard & Summary
B2: GENERATIVE BIM & CARBON FOOTPRINT OPTIMIZATION DASHBOARD
B3: Simultaneous Embodied & 60-Year Operational Carbon Multi-Objective Analysis (200 Building Massing Variations)
B5: LOWEST LIFETIME CARBON | D5: AVG EMBODIED CARBON | F5: AVG OPERATIONAL CARBON | H5: PARETO CANDIDATES
B6: =MIN('Generative Data'!M2:M201) | D6: =AVERAGE('Generative Data'!J2:J201) | F6: =AVERAGE('Generative Data'!L2:L201) | H6: =COUNTIF('Generative Data'!O2:O201, "PARETO")
B7: Minimum among 200 iterations | D7: Structural + Facade Upfront | F7: 60-Year Energy Demand | H7: Non-dominated Optimal Form
B10: PARETO OPTIMAL DESIGN SOLUTIONS (TOP SELECTIONS)
B11: Iter ID | C11: Material | D11: Floors | E11: South WWR | F11: Shading (m) | G11: Embodied (t) | H11: Operational (t) | I11: Total CO2e (t)
B12: =SMALL(IF('Generative Data'!$O$2:$O$201="PARETO", 'Generative Data'!$A$2:$A$201), 1) | C12: =VLOOKUP(B12, 'Generative Data'!$A$2:$O$201, 7, FALSE) | D12: =VLOOKUP(B12, 'Generative Data'!$A$2:$O$201, 2, FALSE) | E12: =VLOOKUP(B12, 'Generative Data'!$A$2:$O$201, 5, FALSE) | F12: =VLOOKUP(B12, 'Generative Data'!$A$2:$O$201, 6, FALSE) | G12: =VLOOKUP(B12, 'Generative Data'!$A$2:$O$201, 10, FALSE) | H12: =VLOOKUP(B12, 'Generative Data'!$A$2:$O$201, 12, FALSE) | I12: =VLOOKUP(B12, 'Generative Data'!$A$2:$O$201, 13, FALSE)
B13: =SMALL(IF('Generative Data'!$O$2:$O$201="PARETO", 'Generative Data'!$A$2:$A$201), 2) | C13: =VLOOKUP(B13, 'Generative Data'!$A$2:$O$201, 7, FALSE) | D13: =VLOOKUP(B13, 'Generative Data'!$A$2:$O$201, 2, FALSE) | E13: =VLOOKUP(B13, 'Generative Data'!$A$2:$O$201, 5, FALSE) | F13: =VLOOKUP(B13, 'Generative Data'!$A$2:$O$201, 6, FALSE) | G13: =VLOOKUP(B13, 'Generative Data'!$A$2:$O$201, 10, FALSE) | H13: =VLOOKUP(B13, 'Generative Data'!$A$2:$O$201, 12, FALSE) | I13: =VLOOKUP(B13, 'Generative Data'!$A$2:$O$201, 13, FALSE)
B14: =SMALL(IF('Generative Data'!$O$2:$O$201="PARETO", 'Generative Data'!$A$2:$A$201), 3) | C14: =VLOOKUP(B14, 'Generative Data'!$A$2:$O$201, 7, FALSE) | D14: =VLOOKUP(B14, 'Generative Data'!$A$2:$O$201, 2, FALSE) | E14: =VLOOKUP(B14, 'Generative Data'!$A$2:$O$201, 5, FALSE) | F14: =VLOOKUP(B14, 'Generative Data'!$A$2:$O$201, 6, FALSE) | G14: =VLOOKUP(B14, 'Generative Data'!$A$2:$O$201, 10, FALSE) | H14: =VLOOKUP(B14, 'Generative Data'!$A$2:$O$201, 12, FALSE) | I14: =VLOOKUP(B14, 'Generative Data'!$A$2:$O$201, 13, FALSE)
B15: =SMALL(IF('Generative Data'!$O$2:$O$201="PARETO", 'Generative Data'!$A$2:$A$201), 4) | C15: =VLOOKUP(B15, 'Generative Data'!$A$2:$O$201, 7, FALSE) | D15: =VLOOKUP(B15, 'Generative Data'!$A$2:$O$201, 2, FALSE) | E15: =VLOOKUP(B15, 'Generative Data'!$A$2:$O$201, 5, FALSE) | F15: =VLOOKUP(B15, 'Generative Data'!$A$2:$O$201, 6, FALSE) | G15: =VLOOKUP(B15, 'Generative Data'!$A$2:$O$201, 10, FALSE) | H15: =VLOOKUP(B15, 'Generative Data'!$A$2:$O$201, 12, FALSE) | I15: =VLOOKUP(B15, 'Generative Data'!$A$2:$O$201, 13, FALSE)
B16: =SMALL(IF('Generative Data'!$O$2:$O$201="PARETO", 'Generative Data'!$A$2:$A$201), 5) | C16: =VLOOKUP(B16, 'Generative Data'!$A$2:$O$201, 7, FALSE) | D16: =VLOOKUP(B16, 'Generative Data'!$A$2:$O$201, 2, FALSE) | E16: =VLOOKUP(B16, 'Generative Data'!$A$2:$O$201, 5, FALSE) | F16: =VLOOKUP(B16, 'Generative Data'!$A$2:$O$201, 6, FALSE) | G16: =VLOOKUP(B16, 'Generative Data'!$A$2:$O$201, 10, FALSE) | H16: =VLOOKUP(B16, 'Generative Data'!$A$2:$O$201, 12, FALSE) | I16: =VLOOKUP(B16, 'Generative Data'!$A$2:$O$201, 13, FALSE)
B17: =SMALL(IF('Generative Data'!$O$2:$O$201="PARETO", 'Generative Data'!$A$2:$A$201), 6) | C17: =VLOOKUP(B17, 'Generative Data'!$A$2:$O$201, 7, FALSE) | D17: =VLOOKUP(B17, 'Generative Data'!$A$2:$O$201, 2, FALSE) | E17: =VLOOKUP(B17, 'Generative Data'!$A$2:$O$201, 5, FALSE) | F17: =VLOOKUP(B17, 'Generative Data'!$A$2:$O$201, 6, FALSE) | G17: =VLOOKUP(B17, 'Generative Data'!$A$2:$O$201, 10, FALSE) | H17: =VLOOKUP(B17, 'Generative Data'!$A$2:$O$201, 12, FALSE) | I17: =VLOOKUP(B17, 'Generative Data'!$A$2:$O$201, 13, FALSE)
B18: =SMALL(IF('Generative Data'!$O$2:$O$201="PARETO", 'Generative Data'!$A$2:$A$201), 7) | C18: =VLOOKUP(B18, 'Generative Data'!$A$2:$O$201, 7, FALSE) | D18: =VLOOKUP(B18, 'Generative Data'!$A$2:$O$201, 2, FALSE) | E18: =VLOOKUP(B18, 'Generative Data'!$A$2:$O$201, 5, FALSE) | F18: =VLOOKUP(B18, 'Generative Data'!$A$2:$O$201, 6, FALSE) | G18: =VLOOKUP(B18, 'Generative Data'!$A$2:$O$201, 10, FALSE) | H18: =VLOOKUP(B18, 'Generative Data'!$A$2:$O$201, 12, FALSE) | I18: =VLOOKUP(B18, 'Generative Data'!$A$2:$O$201, 13, FALSE)
B19: =SMALL(IF('Generative Data'!$O$2:$O$201="PARETO", 'Generative Data'!$A$2:$A$201), 8) | C19: =VLOOKUP(B19, 'Generative Data'!$A$2:$O$201, 7, FALSE) | D19: =VLOOKUP(B19, 'Generative Data'!$A$2:$O$201, 2, FALSE) | E19: =VLOOKUP(B19, 'Generative Data'!$A$2:$O$201, 5, FALSE) | F19: =VLOOKUP(B19, 'Generative Data'!$A$2:$O$201, 6, FALSE) | G19: =VLOOKUP(B19, 'Generative Data'!$A$2:$O$201, 10, FALSE) | H19: =VLOOKUP(B19, 'Generative Data'!$A$2:$O$201, 12, FALSE) | I19: =VLOOKUP(B19, 'Generative Data'!$A$2:$O$201, 13, FALSE)

Sheet Generative Data
A1: Iteration ID | B1: Floors | C1: Floor Area (m²) | D1: Total Area (m²) | E1: South WWR | F1: Shading Depth (m) | G1: Material Option | H1: Struct Vol (m³) | I1: Glazing Vol (m³) | J1: Embodied Carbon (tCO2e) | K1: Net EUI (kWh/m²/yr) | L1: Operational Carbon (tCO2e) | M1: Total Carbon (tCO2e) | N1: Intensity (kgCO2e/m²) | O1: Pareto Status
A2: 1 | B2: 12 | C2: 1357.6 | D2: =B2*C2 | E2: 0.31 | F2: 1.17 | G2: Mass Timber | H2: =D2*'Parameters & Inputs'!$B$15 | I2: =(4*SQRT(C2))*(B2*'Parameters & Inputs'!$B$14)*E2*'Parameters & Inputs'!$B$16 | J2: =((H2*IF(G2="Mass Timber",'Parameters & Inputs'!$B$7,'Parameters & Inputs'!$B$6)) + (I2*'Parameters & Inputs'!$B$8))/1000 | K2: =MAX('Parameters & Inputs'!$B$13, 'Parameters & Inputs'!$B$9 + (E2*'Parameters & Inputs'!$B$10) - (F2*'Parameters & Inputs'!$B$11) - IF(G2="Concrete",'Parameters & Inputs'!$B$12,0)) | L2: =(D2*K2*'Parameters & Inputs'!$B$5*'Parameters & Inputs'!$B$4)/1000 | M2: =J2+L2 | N2: =(M2*1000)/D2 | O2: =IF(COUNTIFS($J$2:$J$201, "<"&J2, $L$2:$L$201, "<"&L2)=0, "PARETO", "Sub-optimal")
A3: 2 | B3: 8 | C3: 870 | D3: =B3*C3 | E3: 0.48 | F3: 0.5 | G3: Concrete | H3: =D3*'Parameters & Inputs'!$B$15 | I3: =(4*SQRT(C3))*(B3*'Parameters & Inputs'!$B$14)*E3*'Parameters & Inputs'!$B$16 | J3: =((H3*IF(G3="Mass Timber",'Parameters & Inputs'!$B$7,'Parameters & Inputs'!$B$6)) + (I3*'Parameters & Inputs'!$B$8))/1000 | K3: =MAX('Parameters & Inputs'!$B$13, 'Parameters & Inputs'!$B$9 + (E3*'Parameters & Inputs'!$B$10) - (F3*'Parameters & Inputs'!$B$11) - IF(G3="Concrete",'Parameters & Inputs'!$B$12,0)) | L3: =(D3*K3*'Parameters & Inputs'!$B$5*'Parameters & Inputs'!$B$4)/1000 | M3: =J3+L3 | N3: =(M3*1000)/D3 | O3: =IF(COUNTIFS($J$2:$J$201, "<"&J3, $L$2:$L$201, "<"&L3)=0, "PARETO", "Sub-optimal")
A4: 3 | B4: 8 | C4: 814.4 | D4: =B4*C4 | E4: 0.78 | F4: 1.25 | G4: Concrete | H4: =D4*'Parameters & Inputs'!$B$15 | I4: =(4*SQRT(C4))*(B4*'Parameters & Inputs'!$B$14)*E4*'Parameters & Inputs'!$B$16 | J4: =((H4*IF(G4="Mass Timber",'Parameters & Inputs'!$B$7,'Parameters & Inputs'!$B$6)) + (I4*'Parameters & Inputs'!$B$8))/1000 | K4: =MAX('Parameters & Inputs'!$B$13, 'Parameters & Inputs'!$B$9 + (E4*'Parameters & Inputs'!$B$10) - (F4*'Parameters & Inputs'!$B$11) - IF(G4="Concrete",'Parameters & Inputs'!$B$12,0)) | L4: =(D4*K4*'Parameters & Inputs'!$B$5*'Parameters & Inputs'!$B$4)/1000 | M4: =J4+L4 | N4: =(M4*1000)/D4 | O4: =IF(COUNTIFS($J$2:$J$201, "<"&J4, $L$2:$L$201, "<"&L4)=0, "PARETO", "Sub-optimal")
A5: 4 | B5: 10 | C5: 1232.2 | D5: =B5*C5 | E5: 0.57 | F5: 0.01 | G5: Concrete | H5: =D5*'Parameters & Inputs'!$B$15 | I5: =(4*SQRT(C5))*(B5*'Parameters & Inputs'!$B$14)*E5*'Parameters & Inputs'!$B$16 | J5: =((H5*IF(G5="Mass Timber",'Parameters & Inputs'!$B$7,'Parameters & Inputs'!$B$6)) + (I5*'Parameters & Inputs'!$B$8))/1000 | K5: =MAX('Parameters & Inputs'!$B$13, 'Parameters & Inputs'!$B$9 + (E5*'Parameters & Inputs'!$B$10) - (F5*'Parameters & Inputs'!$B$11) - IF(G5="Concrete",'Parameters & Inputs'!$B$12,0)) | L5: =(D5*K5*'Parameters & Inputs'!$B$5*'Parameters & Inputs'!$B$4)/1000 | M5: =J5+L5 | N5: =(M5*1000)/D5 | O5: =IF(COUNTIFS($J$2:$J$201, "<"&J5, $L$2:$L$201, "<"&L5)=0, "PARETO", "Sub-optimal")
A6: 5 | B6: 8 | C6: 1067.7 | D6: =B6*C6 | E6: 0.79 | F6: 0.7 | G6: Mass Timber | H6: =D6*'Parameters & Inputs'!$B$15 | I6: =(4*SQRT(C6))*(B6*'Parameters & Inputs'!$B$14)*E6*'Parameters & Inputs'!$B$16 | J6: =((H6*IF(G6="Mass Timber",'Parameters & Inputs'!$B$7,'Parameters & Inputs'!$B$6)) + (I6*'Parameters & Inputs'!$B$8))/1000 | K6: =MAX('Parameters & Inputs'!$B$13, 'Parameters & Inputs'!$B$9 + (E6*'Parameters & Inputs'!$B$10) - (F6*'Parameters & Inputs'!$B$11) - IF(G6="Concrete",'Parameters & Inputs'!$B$12,0)) | L6: =(D6*K6*'Parameters & Inputs'!$B$5*'Parameters & Inputs'!$B$4)/1000 | M6: =J6+L6 | N6: =(M6*1000)/D6 | O6: =IF(COUNTIFS($J$2:$J$201, "<"&J6, $L$2:$L$201, "<"&L6)=0, "PARETO", "Sub-optimal")
A7: 6 | B7: 12 | C7: 919.4 | D7: =B7*C7 | E7: 0.24 | F7: 1.42 | G7: Mass Timber | H7: =D7*'Parameters & Inputs'!$B$15 | I7: =(4*SQRT(C7))*(B7*'Parameters & Inputs'!$B$14)*E7*'Parameters & Inputs'!$B$16 | J7: =((H7*IF(G7="Mass Timber",'Parameters & Inputs'!$B$7,'Parameters & Inputs'!$B$6)) + (I7*'Parameters & Inputs'!$B$8))/1000 | K7: =MAX('Parameters & Inputs'!$B$13, 'Parameters & Inputs'!$B$9 + (E7*'Parameters & Inputs'!$B$10) - (F7*'Parameters & Inputs'!$B$11) - IF(G7="Concrete",'Parameters & Inputs'!$B$12,0)) | L7: =(D7*K7*'Parameters & Inputs'!$B$5*'Parameters & Inputs'!$B$4)/1000 | M7: =J7+L7 | N7: =(M7*1000)/D7 | O7: =IF(COUNTIFS($J$2:$J$201, "<"&J7, $L$2:$L$201, "<"&L7)=0, "PARETO", "Sub-optimal")
A8: 7 | B8: 7 | C8: 1069.8 | D8: =B8*C8 | E8: 0.21 | F8: 0.35 | G8: Concrete | H8: =D8*'Parameters & Inputs'!$B$15 | I8: =(4*SQRT(C8))*(B8*'Parameters & Inputs'!$B$14)*E8*'Parameters & Inputs'!$B$16 | J8: =((H8*IF(G8="Mass Timber",'Parameters & Inputs'!$B$7,'Parameters & Inputs'!$B$6)) + (I8*'Parameters & Inputs'!$B$8))/1000 | K8: =MAX('Parameters & Inputs'!$B$13, 'Parameters & Inputs'!$B$9 + (E8*'Parameters & Inputs'!$B$10) - (F8*'Parameters & Inputs'!$B$11) - IF(G8="Concrete",'Parameters & Inputs'!$B$12,0)) | L8: =(D8*K8*'Parameters & Inputs'!$B$5*'Parameters & Inputs'!$B$4)/1000 | M8: =J8+L8 | N8: =(M8*1000)/D8 | O8: =IF(COUNTIFS($J$2:$J$201, "<"&J8, $L$2:$L$201, "<"&L8)=0, "PARETO", "Sub-optimal")
A9: 8 | B9: 12 | C9: 1227 | D9: =B9*C9 | E9: 0.7 | F9: 0.26 | G9: Concrete | H9: =D9*'Parameters & Inputs'!$B$15 | I9: =(4*SQRT(C9))*(B9*'Parameters & Inputs'!$B$14)*E9*'Parameters & Inputs'!$B$16 | J9: =((H9*IF(G9="Mass Timber",'Parameters & Inputs'!$B$7,'Parameters & Inputs'!$B$6)) + (I9*'Parameters & Inputs'!$B$8))/1000 | K9: =MAX('Parameters & Inputs'!$B$13, 'Parameters & Inputs'!$B$9 + (E9*'Parameters & Inputs'!$B$10) - (F9*'Parameters & Inputs'!$B$11) - IF(G9="Concrete",'Parameters & Inputs'!$B$12,0)) | L9: =(D9*K9*'Parameters & Inputs'!$B$5*'Parameters & Inputs'!$B$4)/1000 | M9: =J9+L9 | N9: =(M9*1000)/D9 | O9: =IF(COUNTIFS($J$2:$J$201, "<"&J9, $L$2:$L$201, "<"&L9)=0, "PARETO", "Sub-optimal")
A10: 9 | B10: 7 | C10: 1263.8 | D10: =B10*C10 | E10: 0.39 | F10: 0.78 | G10: Mass Timber | H10: =D10*'Parameters & Inputs'!$B$15 | I10: =(4*SQRT(C10))*(B10*'Parameters & Inputs'!$B$14)*E10*'Parameters & Inputs'!$B$16 | J10: =((H10*IF(G10="Mass Timber",'Parameters & Inputs'!$B$7,'Parameters & Inputs'!$B$6)) + (I10*'Parameters & Inputs'!$B$8))/1000 | K10: =MAX('Parameters & Inputs'!$B$13, 'Parameters & Inputs'!$B$9 + (E10*'Parameters & Inputs'!$B$10) - (F10*'Parameters & Inputs'!$B$11) - IF(G10="Concrete",'Parameters & Inputs'!$B$12,0)) | L10: =(D10*K10*'Parameters & Inputs'!$B$5*'Parameters & Inputs'!$B$4)/1000 | M10: =J10+L10 | N10: =(M10*1000)/D10 | O10: =IF(COUNTIFS($J$2:$J$201, "<"&J10, $L$2:$L$201, "<"&L10)=0, "PARETO", "Sub-optimal")
A11: 10 | B11: 11 | C11: 821.9 | D11: =B11*C11 | E11: 0.71 | F11: 0.67 | G11: Concrete | H11: =D11*'Parameters & Inputs'!$B$15 | I11: =(4*SQRT(C11))*(B11*'Parameters & Inputs'!$B$14)*E11*'Parameters & Inputs'!$B$16 | J11: =((H11*IF(G11="Mass Timber",'Parameters & Inputs'!$B$7,'Parameters & Inputs'!$B$6)) + (I11*'Parameters & Inputs'!$B$8))/1000 | K11: =MAX('Parameters & Inputs'!$B$13, 'Parameters & Inputs'!$B$9 + (E11*'Parameters & Inputs'!$B$10) - (F11*'Parameters & Inputs'!$B$11) - IF(G11="Concrete",'Parameters & Inputs'!$B$12,0)) | L11: =(D11*K11*'Parameters & Inputs'!$B$5*'Parameters & Inputs'!$B$4)/1000 | M11: =J11+L11 | N11: =(M11*1000)/D11 | O11: =IF(COUNTIFS($J$2:$J$201, "<"&J11, $L$2:$L$201, "<"&L11)=0, "PARETO", "Sub-optimal")
A12: 11 | B12: 9 | C12: 1218.5 | D12: =B12*C12 | E12: 0.75 | F12: 0.13 | G12: Concrete | H12: =D12*'Parameters & Inputs'!$B$15 | I12: =(4*SQRT(C12))*(B12*'Parameters & Inputs'!$B$14)*E12*'Parameters & Inputs'!$B$16 | J12: =((H12*IF(G12="Mass Timber",'Parameters & Inputs'!$B$7,'Parameters & Inputs'!$B$6)) + (I12*'Parameters & Inputs'!$B$8))/1000 | K12: =MAX('Parameters & Inputs'!$B$13, 'Parameters & Inputs'!$B$9 + (E12*'Parameters & Inputs'!$B$10) - (F12*'Parameters & Inputs'!$B$11) - IF(G12="Concrete",'Parameters & Inputs'!$B$12,0)) | L12: =(D12*K12*'Parameters & Inputs'!$B$5*'Parameters & Inputs'!$B$4)/1000 | M12: =J12+L12 | N12: =(M12*1000)/D12 | O12: =IF(COUNTIFS($J$2:$J$201, "<"&J12, $L$2:$L$201, "<"&L12)=0, "PARETO", "Sub-optimal")
A13: 12 | B13: 14 | C13: 1472.8 | D13: =B13*C13 | E13: 0.71 | F13: 1.12 | G13: Mass Timber | H13: =D13*'Parameters & Inputs'!$B$15 | I13: =(4*SQRT(C13))*(B13*'Parameters & Inputs'!$B$14)*E13*'Parameters & Inputs'!$B$16 | J13: =((H13*IF(G13="Mass Timber",'Parameters & Inputs'!$B$7,'Parameters & Inputs'!$B$6)) + (I13*'Parameters & Inputs'!$B$8))/1000 | K13: =MAX('Parameters & Inputs'!$B$13, 'Parameters & Inputs'!$B$9 + (E13*'Parameters & Inputs'!$B$10) - (F13*'Parameters & Inputs'!$B$11) - IF(G13="Concrete",'Parameters & Inputs'!$B$12,0)) | L13: =(D13*K13*'Parameters & Inputs'!$B$5*'Parameters & Inputs'!$B$4)/1000 | M13: =J13+L13 | N13: =(M13*1000)/D13 | O13: =IF(COUNTIFS($J$2:$J$201, "<"&J13, $L$2:$L$201, "<"&L13)=0, "PARETO", "Sub-optimal")
... A201: 200 | B201: 7 | C201: 874.6 | D201: =B201*C201 | E201: 0.25 | F201: 1.09 | G201: Concrete | H201: =D201*'Parameters & Inputs'!$B$15 | I201: =(4*SQRT(C201))*(B201*'Parameters & Inputs'!$B$14)*E201*'Parameters & Inputs'!$B$16 | J201: =((H201*IF(G201="Mass Timber",'Parameters & Inputs'!$B$7,'Parameters & Inputs'!$B$6)) + (I201*'Parameters & Inputs'!$B$8))/1000 | K201: =MAX('Parameters & Inputs'!$B$13, 'Parameters & Inputs'!$B$9 + (E201*'Parameters & Inputs'!$B$10) - (F201*'Parameters & Inputs'!$B$11) - IF(G201="Concrete",'Parameters & Inputs'!$B$12,0)) | L201: =(D201*K201*'Parameters & Inputs'!$B$5*'Parameters & Inputs'!$B$4)/1000 | M201: =J201+L201 | N201: =(M201*1000)/D201 | O201: =IF(COUNTIFS($J$2:$J$201, "<"&J201, $L$2:$L$201, "<"&L201)=0, "PARETO", "Sub-optimal")

Sheet Parameters & Inputs
A1: BIM & Life Cycle Carbon Optimization Parameters
A3: Parameter Name | B3: Value | C3: Unit | D3: Description / Source
A4: Building Lifespan | B4: 60 | C4: Years | D4: Standard study period for LCA
A5: Grid Carbon Intensity | B5: 0.25 | C5: kg CO2e / kWh | D5: Projected 60-year average electricity grid carbon factor
A6: ECF Concrete Structure | B6: 380 | C6: kg CO2e / m³ | D6: Traditional reinforced concrete framing + slabs (EPD)
A7: ECF Mass Timber Structure | B7: 110 | C7: kg CO2e / m³ | D7: Glulam / CLT hybrid structural frame (Net EPD)
A8: ECF Facade Glazing | B8: 1200 | C8: kg CO2e / m³ | D8: Curtain wall double glazing system EPD
A9: Baseline EUI | B9: 120 | C9: kWh / m² / yr | D9: Code-compliant reference office building energy intensity
A10: WWR Cooling Penalty Factor | B10: 35 | C10: kWh / m² / yr | D10: EUI increase per 1.0 South Window-to-Wall Ratio
A11: Shading EUI Benefit Factor | B11: 12 | C11: kWh / m² / yr | D11: EUI decrease per meter of louver projection
A12: Concrete Thermal Mass Benefit | B12: 8 | C12: kWh / m² / yr | D12: EUI reduction from passive concrete thermal inertia
A13: Minimum Physics EUI Limit | B13: 60 | C13: kWh / m² / yr | D13: Lowest achievable EUI ceiling for passive HVAC
A14: Floor Height Baseline | B14: 3.5 | C14: Meters | D14: Standard floor-to-floor structural height
A15: Structural Slab Depth Equiv. | B15: 0.35 | C15: Meters | D15: Equivalent thickness for slab/column structural mass calculation
A16: Glass Thickness Equiv. | B16: 0.02 | C16: Meters | D16: Total glass layer thickness in curtain wall
